ControllerPath,ActionUrl
~/UI/Admin/Accounts/Departments/Forms/Create.aspx,ui/admin/accounts/departments/create
~/UI/Admin/Accounts/Departments/Forms/Edit.aspx,ui/admin/accounts/departments/edit
~/UI/Admin/Accounts/Departments/Search.aspx,ui/admin/accounts/departments/search
~/UI/Admin/Accounts/Developers/Forms/Create.aspx,ui/admin/accounts/developers/create
~/UI/Admin/Accounts/Developers/Forms/Edit.aspx,ui/admin/accounts/developers/edit
~/UI/Admin/Accounts/Developers/Search.aspx,ui/admin/accounts/developers/search
~/UI/Admin/Accounts/Divisions/Forms/Create.aspx,ui/admin/accounts/divisions/create
~/UI/Admin/Accounts/Divisions/Forms/Edit.aspx,ui/admin/accounts/divisions/edit
~/UI/Admin/Accounts/Divisions/Search.aspx,ui/admin/accounts/divisions/search
~/UI/Admin/Accounts/Home.aspx,ui/admin/security/home
~/UI/Admin/Accounts/Organizations/Forms/Create.aspx,ui/admin/accounts/organizations/create
~/UI/Admin/Accounts/Organizations/Forms/Edit.aspx,ui/admin/accounts/organizations/edit
~/UI/Admin/Accounts/Organizations/Forms/Upload.aspx,ui/admin/accounts/organizations/upload
~/UI/Admin/Accounts/Organizations/Search.aspx,ui/admin/accounts/organizations/search
~/UI/Admin/Accounts/Permissions/Forms/Create.aspx,ui/admin/accounts/permissions/create
~/UI/Admin/Accounts/Permissions/Forms/Edit.aspx,ui/admin/accounts/permissions/edit
~/UI/Admin/Accounts/Permissions/Forms/Matrix.aspx,ui/admin/accounts/permissions/matrix
~/UI/Admin/Accounts/Permissions/Search.aspx,ui/admin/accounts/permissions/search
~/UI/Admin/Accounts/Senders/Forms/Create.aspx,ui/admin/accounts/senders/create
~/UI/Admin/Accounts/Senders/Forms/Delete.aspx,ui/admin/accounts/senders/delete
~/UI/Admin/Accounts/Senders/Forms/Edit.aspx,ui/admin/accounts/senders/edit
~/UI/Admin/Accounts/Senders/Search.aspx,ui/admin/accounts/senders/search
~/UI/Admin/Accounts/Users/Forms/Delete.aspx,ui/admin/accounts/users/delete
~/UI/Admin/Accounts/Users/Forms/Edit.aspx,ui/admin/accounts/users/edit
~/UI/Admin/Accounts/Users/Search.aspx,ui/admin/accounts/users/search
~/UI/Admin/Assessments/Assessor/Search.aspx,ui/admin/assessments/assessor/search
~/UI/Admin/Assessments/Assessor/View.aspx,ui/admin/assessments/assessor/view
~/UI/Admin/Assessments/Attachments/Forms/Add.aspx,ui/admin/assessments/attachments/add
~/UI/Admin/Assessments/Attachments/Forms/Change.aspx,ui/admin/assessments/attachments/change
~/UI/Admin/Assessments/Attachments/Forms/Delete.aspx,admin/assessments/attachments/delete
~/UI/Admin/Assessments/Attachments/Forms/History.aspx,ui/admin/assessments/attachments/history
~/UI/Admin/Assessments/Attachments/Forms/ScanImages.aspx,ui/admin/assessments/attachments/scan-images
~/UI/Admin/Assessments/Attachments/Forms/Usage.aspx,ui/admin/assessments/attachments/usage
~/UI/Admin/Assessments/Attempts/AdvancedAnalytics.aspx,ui/admin/assessments/attempts/advanced-analytics
~/UI/Admin/Assessments/Attempts/CreatePerformanceReport.aspx,ui/admin/assessments/attempts/create-performance-report
~/UI/Admin/Assessments/Attempts/EditPerformanceReport.aspx,ui/admin/assessments/attempts/edit-performance-report
~/UI/Admin/Assessments/Attempts/Forms/AdHoc.aspx,ui/admin/assessments/attempts/ad-hoc
~/UI/Admin/Assessments/Attempts/Forms/Grade.aspx,ui/admin/assessments/assessor/grade
~/UI/Admin/Assessments/Attempts/Forms/Grade.aspx,ui/admin/assessments/attempts/grade
~/UI/Admin/Assessments/Attempts/Forms/Ratio.aspx,ui/admin/assessments/attempts/ratio
~/UI/Admin/Assessments/Attempts/Forms/Report.aspx,ui/admin/assessments/attempts/report
~/UI/Admin/Assessments/Attempts/Forms/Tag.aspx,ui/admin/assessments/attempts/tag
~/UI/Admin/Assessments/Attempts/Forms/Upload.aspx,ui/admin/assessments/attempts/upload
~/UI/Admin/Assessments/Attempts/Forms/View.aspx,ui/admin/assessments/attempts/view
~/UI/Admin/Assessments/Attempts/PerformanceReport.aspx,ui/admin/assessments/attempts/performance-report
~/UI/Admin/Assessments/Attempts/Questions/Search.aspx,ui/admin/assessments/attempts/questions/search
~/UI/Admin/Assessments/Attempts/Reports/Forms/DeleteAttempt.aspx,admin/assessments/attempts/delete
~/UI/Admin/Assessments/Attempts/Reports/Search.aspx,ui/admin/assessments/attempts/reports/search
~/UI/Admin/Assessments/Attempts/SearchPerformanceReport.aspx,ui/admin/assessments/attempts/search-performance-report
~/UI/Admin/Assessments/Attempts/SkillsCheckReport.aspx,ui/admin/assessments/attempts/skillscheck-report
~/UI/Admin/Assessments/Attempts/TakerReport.aspx,ui/admin/assessments/attempts/taker-report
~/UI/Admin/Assessments/Attempts/TakerReportUpload.aspx,ui/admin/assessments/attempts/taker-report-upload
~/UI/Admin/Assessments/AttemptsComments/Search.aspx,ui/admin/assessments/AttemptsComments/search
~/UI/Admin/Assessments/Banks/Forms/ChangeLevel.aspx,ui/admin/assessments/banks/change-level
~/UI/Admin/Assessments/Banks/Forms/ChangeStandard.aspx,ui/admin/assessments/banks/change-standard
~/UI/Admin/Assessments/Banks/Forms/Content.aspx,ui/admin/assessments/banks/content
~/UI/Admin/Assessments/Banks/Forms/Create.aspx,ui/admin/assessments/banks/create
~/UI/Admin/Assessments/Banks/Forms/Delete.aspx,admin/assessments/banks/delete
~/UI/Admin/Assessments/Banks/Forms/Download.aspx,ui/admin/assessments/banks/download
~/UI/Admin/Assessments/Banks/Forms/Lock.aspx,ui/admin/assessments/banks/lock
~/UI/Admin/Assessments/Banks/Forms/Migrate.aspx,ui/admin/assessments/banks/migrate
~/UI/Admin/Assessments/Banks/Forms/Print.aspx,ui/admin/assessments/banks/print
~/UI/Admin/Assessments/Banks/Forms/Rename.aspx,ui/admin/assessments/banks/rename
~/UI/Admin/Assessments/Banks/Search.aspx,ui/admin/assessments/banks/search
~/UI/Admin/Assessments/BanksComments/Search.aspx,ui/admin/assessments/BanksComments/search
~/UI/Admin/Assessments/Comments/Forms/Author.aspx,ui/admin/assessments/comments/author
~/UI/Admin/Assessments/Comments/Forms/Delete.aspx,admin/assessments/comments/delete
~/UI/Admin/Assessments/Comments/Forms/Revise.aspx,ui/admin/assessments/comments/revise
~/UI/Admin/Assessments/Criteria/Forms/Add.aspx,ui/admin/assessments/criteria/add
~/UI/Admin/Assessments/Criteria/Forms/ChangeFilter.aspx,ui/admin/assessments/criteria/change-filter
~/UI/Admin/Assessments/Criteria/Forms/Delete.aspx,admin/assessments/criteria/delete
~/UI/Admin/Assessments/Fields/Forms/Add.aspx,ui/admin/assessments/fields/add
~/UI/Admin/Assessments/Fields/Forms/Pin.aspx,ui/admin/assessments/fields/pin
~/UI/Admin/Assessments/Fields/Forms/Reorder.aspx,ui/admin/assessments/fields/reorder
~/UI/Admin/Assessments/Fields/Forms/Swap.aspx,ui/admin/assessments/fields/swap
~/UI/Admin/Assessments/Forms/ChangeGradebook.aspx,ui/admin/assessments/forms/change-gradebook
~/UI/Admin/Assessments/Forms/Forms/Add.aspx,ui/admin/assessments/forms/add
~/UI/Admin/Assessments/Forms/Forms/Archive.aspx,ui/admin/assessments/forms/archive
~/UI/Admin/Assessments/Forms/Forms/ChangeAddendum.aspx,ui/admin/assessments/forms/change-addendum
~/UI/Admin/Assessments/Forms/Forms/ChangeClassification.aspx,ui/admin/assessments/forms/change-classification
~/UI/Admin/Assessments/Forms/Forms/ChangeFormNotification.aspx,ui/admin/assessments/forms/change-form-notification
~/UI/Admin/Assessments/Forms/Forms/Content.aspx,ui/admin/assessments/forms/content
~/UI/Admin/Assessments/Forms/Forms/Delete.aspx,admin/assessments/forms/delete
~/UI/Admin/Assessments/Forms/Forms/Duplicate.aspx,ui/admin/assessments/forms/duplicate
~/UI/Admin/Assessments/Forms/Forms/ModifyProctoring.aspx,ui/admin/assessments/forms/modify-proctoring
~/UI/Admin/Assessments/Forms/Forms/Prepublish.aspx,ui/admin/assessments/forms/prepublish
~/UI/Admin/Assessments/Forms/Forms/Preview.aspx,ui/admin/assessments/forms/preview
~/UI/Admin/Assessments/Forms/Forms/Print.aspx,ui/admin/assessments/forms/print
~/UI/Admin/Assessments/Forms/Forms/Publish.aspx,ui/admin/assessments/forms/publish
~/UI/Admin/Assessments/Forms/Forms/Recode.aspx,ui/admin/assessments/forms/recode
~/UI/Admin/Assessments/Forms/Forms/Rename.aspx,ui/admin/assessments/forms/rename
~/UI/Admin/Assessments/Forms/Forms/Simulate.aspx,ui/admin/assessments/forms/simulate
~/UI/Admin/Assessments/Forms/Forms/Workshop.aspx,ui/admin/assessments/forms/workshop
~/UI/Admin/Assessments/Forms/Search.aspx,ui/admin/assessments/forms/search
~/UI/Admin/Assessments/Home.aspx,ui/admin/assessments/home
~/UI/Admin/Assessments/Outlines/Forms/Outline.aspx,ui/admin/assessments/banks/outline
~/UI/Admin/Assessments/Publications/Forms/Content.aspx,ui/admin/assessments/publications/content
~/UI/Admin/Assessments/Publications/Forms/Delete.aspx,ui/admin/assessments/publications/delete
~/UI/Admin/Assessments/Publications/Forms/Edit.aspx,ui/admin/assessments/publications/edit
~/UI/Admin/Assessments/Publications/Forms/Search.aspx,ui/admin/assessments/publications/search
~/UI/Admin/Assessments/Questions/Forms/Add.aspx,ui/admin/assessments/questions/add
~/UI/Admin/Assessments/Questions/Forms/Analysis.aspx,ui/admin/assessments/questions/analysis
~/UI/Admin/Assessments/Questions/Forms/Change.aspx,ui/admin/assessments/questions/change
~/UI/Admin/Assessments/Questions/Forms/Delete.aspx,admin/assessments/questions/delete
~/UI/Admin/Assessments/Questions/Forms/Move.aspx,ui/admin/assessments/questions/move
~/UI/Admin/Assessments/Questions/Search.aspx,ui/admin/assessments/questions/search
~/UI/Admin/Assessments/QuizAttempts/Search.aspx,ui/admin/assessment/quizzes-attempts/search
~/UI/Admin/Assessments/QuizAttempts/View.aspx,ui/admin/assessment/quizzes-attempts/view
~/UI/Admin/Assessments/Quizzes/Create.aspx,ui/admin/assessment/quizzes/create
~/UI/Admin/Assessments/Quizzes/Delete.aspx,ui/admin/assessment/quizzes/delete
~/UI/Admin/Assessments/Quizzes/Edit.aspx,ui/admin/assessment/quizzes/edit
~/UI/Admin/Assessments/Quizzes/Search.aspx,ui/admin/assessment/quizzes/search
~/UI/Admin/Assessments/Sections/Forms/Add.aspx,ui/admin/assessments/sections/add
~/UI/Admin/Assessments/Sections/Forms/Content.aspx,ui/admin/assessments/sections/content
~/UI/Admin/Assessments/Sections/Forms/Delete.aspx,admin/assessments/sections/delete
~/UI/Admin/Assessments/Sections/Forms/Reconfigure.aspx,ui/admin/assessments/sections/reconfigure
~/UI/Admin/Assessments/Sections/Forms/Reorder.aspx,ui/admin/assessments/sections/reorder
~/UI/Admin/Assessments/Sets/Forms/Add.aspx,ui/admin/assessments/sets/add
~/UI/Admin/Assessments/Sets/Forms/ChangeRandomization.aspx,ui/admin/assessments/sets/change-randomization
~/UI/Admin/Assessments/Sets/Forms/ChangeStandard.aspx,ui/admin/assessments/sets/change-standard
~/UI/Admin/Assessments/Sets/Forms/Delete.aspx,admin/assessments/sets/delete
~/UI/Admin/Assessments/Sets/Forms/Preview.aspx,ui/admin/assessments/sets/preview
~/UI/Admin/Assessments/Sets/Forms/Rename.aspx,ui/admin/assessments/sets/rename
~/UI/Admin/Assessments/Sets/Forms/Reorder.aspx,ui/admin/assessments/sets/reorder
~/UI/Admin/Assessments/Specifications/Forms/Add.aspx,ui/admin/assessments/specifications/add
~/UI/Admin/Assessments/Specifications/Forms/ChangeCalculation.aspx,ui/admin/assessments/specifications/change-calculation
~/UI/Admin/Assessments/Specifications/Forms/Delete.aspx,admin/assessments/specifications/delete
~/UI/Admin/Assessments/Specifications/Forms/Reconfigure.aspx,ui/admin/assessments/specifications/reconfigure
~/UI/Admin/Assessments/Specifications/Forms/Rename.aspx,ui/admin/assessments/specifications/rename
~/UI/Admin/Assessments/Specifications/Forms/Workshop.aspx,ui/admin/assessments/specifications/workshop
~/UI/Admin/Assessments/Specifications/Search.aspx,ui/admin/assessments/specifications/search
~/UI/Admin/Assets/Collections/Forms/Create.aspx,ui/admin/assets/collections/create
~/UI/Admin/Assets/Collections/Forms/CreateItem.aspx,ui/admin/assets/collections/create-item
~/UI/Admin/Assets/Collections/Forms/Delete.aspx,admin/assets/collections/delete
~/UI/Admin/Assets/Collections/Forms/DeleteItem.aspx,ui/admin/assets/collections/delete-item
~/UI/Admin/Assets/Collections/Forms/Edit.aspx,ui/admin/assets/collections/edit
~/UI/Admin/Assets/Collections/Forms/EditItem.aspx,ui/admin/assets/collections/edit-item
~/UI/Admin/assets/Collections/Search.aspx,ui/admin/assets/collections/search
~/UI/Admin/Assets/Contents/Edit.aspx,ui/admin/assets/contents/edit
~/UI/Admin/assets/Contents/Search.aspx,ui/admin/assets/contents/search
~/UI/Admin/Assets/Documents/Forms/Convert.aspx,ui/admin/assets/documents/convert
~/UI/Admin/Assets/Files/Edit.aspx,ui/admin/assets/files/edit
~/UI/Admin/Assets/Files/Files/Forms/Browse.aspx,ui/admin/assets/files/browse
~/UI/Admin/Assets/Files/Upload.aspx,ui/admin/assets/files/upload
~/UI/Admin/Assets/Glossaries/Search.aspx,ui/admin/assets/glossaries/search
~/UI/Admin/Assets/Glossaries/Terms/Approve.aspx,ui/admin/assets/glossaries/terms/approve
~/UI/Admin/Assets/Glossaries/Terms/Propose.aspx,ui/admin/assets/glossaries/terms/propose
~/UI/Admin/Assets/Glossaries/Terms/Reject.aspx,ui/admin/assets/glossaries/terms/reject
~/UI/Admin/Assets/Glossaries/Terms/Revise.aspx,ui/admin/assets/glossaries/terms/revise
~/UI/Admin/Assets/Glossaries/Terms/Upload.aspx,ui/admin/assets/glossaries/terms/upload
~/UI/Admin/Assets/Home.aspx,ui/admin/assets/home
~/UI/Admin/Assets/Labels/Create.aspx,ui/admin/assets/labels/create
~/UI/Admin/Assets/Labels/Delete.aspx,ui/admin/assets/labels/delete
~/UI/Admin/Assets/Labels/Edit.aspx,ui/admin/assets/labels/edit
~/UI/Admin/Assets/Labels/Search.aspx,ui/admin/assets/labels/search
~/UI/Admin/Assets/Uploads/Forms/Browse.aspx,ui/admin/assets/uploads/browse
~/UI/Admin/Assets/Uploads/Forms/Info.aspx,ui/admin/assets/uploads/info
~/UI/Admin/Contacts/Comments/Author.aspx,ui/admin/contacts/comments/author
~/UI/Admin/Contacts/Comments/Delete.aspx,ui/admin/contacts/comments/delete
~/UI/Admin/Contacts/Comments/Revise.aspx,ui/admin/contacts/comments/revise
~/UI/Admin/Contacts/Groups/Delete.aspx,ui/admin/contacts/groups/delete
~/UI/Admin/Contacts/Groups/Forms/Create.aspx,ui/admin/contacts/groups/create
~/UI/Admin/Contacts/Groups/Forms/CreateMembership.aspx,ui/admin/contacts/groups/create-membership
~/UI/Admin/Contacts/Groups/Forms/Edit.aspx,ui/admin/contacts/groups/edit
~/UI/Admin/Contacts/Groups/Forms/Merge.aspx,ui/admin/contacts/groups/merge
~/UI/Admin/Contacts/Groups/Forms/Organize.aspx,ui/admin/contacts/groups/organize
~/UI/Admin/Contacts/Groups/Manage.aspx,ui/admin/contacts/groups/manage
~/UI/Admin/Contacts/Groups/Outline.aspx,ui/admin/contacts/groups/outline
~/UI/Admin/Contacts/Groups/Search.aspx,ui/admin/contacts/groups/search
~/UI/Admin/Contacts/Home.aspx,ui/admin/contacts/home
~/UI/Admin/Contacts/MembershipReasons/Create.aspx,ui/admin/contacts/memberships/reasons/create
~/UI/Admin/Contacts/MembershipReasons/Delete.aspx,ui/admin/contacts/memberships/reasons/delete
~/UI/Admin/Contacts/MembershipReasons/Edit.aspx,ui/admin/contacts/memberships/reasons/edit
~/UI/Admin/Contacts/MembershipReasons/Search.aspx,ui/admin/contacts/memberships/reasons/search
~/UI/Admin/Contacts/Memberships/Search.aspx,ui/admin/contacts/memberships/search
~/UI/Admin/Contacts/People/Archive.aspx,ui/admin/contacts/people/archive
~/UI/Admin/Contacts/People/Delete.aspx,ui/admin/contacts/people/delete
~/UI/Admin/Contacts/People/Forms/ApproveAccess.aspx,ui/admin/contacts/people/approve-access
~/UI/Admin/Contacts/People/Forms/Combine.aspx,ui/admin/contacts/people/combine
~/UI/Admin/Contacts/People/Forms/Create.aspx,ui/admin/contacts/people/create
~/UI/Admin/Contacts/People/Forms/CreateMembership.aspx,ui/admin/contacts/people/create-membership
~/UI/Admin/Contacts/People/Forms/CreateUserConnection.aspx,ui/admin/contacts/people/create-user-connection
~/UI/Admin/Contacts/People/Forms/DeleteAttachment.aspx,ui/admin/contacts/people/delete-attachment
~/UI/Admin/Contacts/People/Forms/DeleteMembership.aspx,ui/admin/contacts/people/delete-membership
~/UI/Admin/Contacts/People/Forms/DeleteUserConnection.aspx,ui/admin/contacts/people/delete-user-connection
~/UI/Admin/Contacts/People/Forms/Edit.aspx,ui/admin/contacts/people/edit
~/UI/Admin/Contacts/People/Forms/EditMembership.aspx,ui/admin/contacts/people/edit-membership
~/UI/Admin/Contacts/People/Forms/EditUserConnection.aspx,ui/admin/contacts/people/edit-user-connection
~/UI/Admin/Contacts/People/Forms/Report.aspx,ui/admin/contacts/people/report
~/UI/Admin/Contacts/People/Forms/SendEmail.aspx,ui/admin/contacts/people/send-email
~/UI/Admin/Contacts/People/Forms/Upload.aspx,ui/admin/contacts/people/upload
~/UI/Admin/Contacts/People/Search.aspx,ui/admin/contacts/people/search
~/UI/Admin/Contacts/Reports/Employees/Search.aspx,ui/admin/contacts/reports/employees
~/UI/Admin/Contacts/Reports/Employers/Search.aspx,ui/admin/contacts/reports/employers
~/UI/Admin/Contacts/Reports/Forms/TaxFormT2202.aspx,ui/admin/contacts/reports/tax-form-t2202
~/UI/Admin/Courses/Activities/Delete.aspx,ui/admin/courses/activities/delete
~/UI/Admin/Courses/Courses/Create.aspx,ui/admin/courses/create
~/UI/Admin/Courses/Courses/Delete.aspx,ui/admin/courses/delete
~/UI/Admin/Courses/Courses/Download.aspx,ui/admin/courses/download
~/UI/Admin/Courses/Courses/Publish.aspx,ui/admin/courses/publish
~/UI/Admin/Courses/Home.aspx,ui/admin/courses/home
~/UI/Admin/Courses/Links/Forms/Create.aspx,ui/admin/courses/links/create
~/UI/Admin/Courses/Links/Forms/Delete.aspx,ui/admin/courses/links/delete
~/UI/Admin/Courses/Links/Forms/Edit.aspx,ui/admin/courses/links/edit
~/UI/Admin/Courses/Links/Search.aspx,ui/admin/courses/links/search
~/UI/Admin/Courses/Manage.aspx,ui/admin/courses/manage
~/UI/Admin/Courses/Modules/Delete.aspx,ui/admin/courses/modules/delete
~/UI/Admin/Courses/Outlines/AddPrivacyGroup.aspx,ui/admin/courses/add-privacy-group
~/UI/Admin/Courses/Scorm/Upload.aspx,ui/admin/courses/scorm/upload
~/UI/Admin/Courses/Search.aspx,ui/admin/courses/search
~/UI/Admin/Database/Columns/Outline.aspx,ui/admin/database/columns/outline
~/UI/Admin/Database/Columns/Search.aspx,ui/admin/database/columns/search
~/UI/Admin/Database/Constraints/Outline.aspx,ui/admin/database/constraints/outline
~/UI/Admin/Database/Constraints/Search.aspx,ui/admin/database/constraints/search
~/UI/Admin/Database/Entities/Search.aspx,ui/admin/metadata/entities/search
~/UI/Admin/Database/Tables/Outline.aspx,ui/admin/database/tables/outline
~/UI/Admin/Database/Tables/Search.aspx,ui/admin/database/tables/search
~/UI/Admin/Events/Appointments/Forms/ChangeAppointmentType.aspx,ui/admin/events/appointments/change-appointment-type
~/UI/Admin/Events/Appointments/Forms/Create.aspx,ui/admin/events/appointments/create
~/UI/Admin/Events/Appointments/Forms/Delete.aspx,ui/admin/events/appointments/delete
~/UI/Admin/Events/Appointments/Forms/Describe.aspx,ui/admin/events/appointments/describe
~/UI/Admin/Events/Appointments/Forms/Outline.aspx,ui/admin/events/appointments/outline
~/UI/Admin/Events/Appointments/Forms/Reschedule.aspx,ui/admin/events/appointments/reschedule
~/UI/Admin/Events/Appointments/Search.aspx,ui/admin/events/appointments/search
~/UI/Admin/Events/Attendees/Forms/Add.aspx,ui/admin/events/attendees/add
~/UI/Admin/Events/Attendees/Forms/Delete.aspx,ui/admin/events/attendees/delete
~/UI/Admin/Events/Candidates/Forms/NewPerson.aspx,ui/admin/events/candidates/new-person
~/UI/Admin/Events/Classes/ChangePrivacy.aspx,ui/admin/events/classes/change-privacy
~/UI/Admin/Events/Classes/Forms/AssignInstr.aspx,ui/admin/events/classes/assign-instructor
~/UI/Admin/Events/Classes/Forms/Cancel.aspx,ui/admin/events/classes/cancel
~/UI/Admin/Events/Classes/Forms/ChangeAchievement.aspx,ui/admin/events/classes/change-achievement
~/UI/Admin/Events/Classes/Forms/ChangeVenue.aspx,ui/admin/events/classes/change-venue
~/UI/Admin/Events/Classes/Forms/Create.aspx,ui/admin/events/classes/create
~/UI/Admin/Events/Classes/Forms/Delete.aspx,ui/admin/events/classes/delete
~/UI/Admin/Events/Classes/Forms/DeleteInstr.aspx,ui/admin/events/classes/delete-instructor
~/UI/Admin/Events/Classes/Forms/Describe.aspx,ui/admin/events/classes/describe
~/UI/Admin/Events/Classes/Forms/Download.aspx,ui/admin/events/classes/download
~/UI/Admin/Events/Classes/Forms/LimitCapacity.aspx,ui/admin/events/classes/limit-capacity
~/UI/Admin/Events/Classes/Forms/Outline.aspx,ui/admin/events/classes/outline
~/UI/Admin/Events/Classes/Forms/Publish.aspx,ui/admin/events/classes/publish
~/UI/Admin/Events/Classes/Forms/Reschedule.aspx,ui/admin/events/classes/reschedule
~/UI/Admin/Events/Classes/ModifyNotification.aspx,ui/admin/events/classes/modify-notification
~/UI/Admin/Events/Classes/Search.aspx,ui/admin/events/classes/search
~/UI/Admin/Events/Comments/Forms/Delete.aspx,ui/admin/events/classes/comments/delete
~/UI/Admin/Events/Comments/Forms/Post.aspx,ui/admin/events/classes/comments/post
~/UI/Admin/Events/Comments/Forms/Post.aspx,ui/admin/events/comments/post
~/UI/Admin/Events/Exams/Forms/ChangeDistribution.aspx,ui/admin/events/exams/change-distribution
~/UI/Admin/Events/Exams/Forms/ChangeVenue.aspx,ui/admin/events/exams/change-venue
~/UI/Admin/Events/Exams/Forms/Create.aspx,ui/admin/events/exams/create
~/UI/Admin/Events/Exams/Forms/CreateBulk.aspx,ui/admin/events/exams/create-bulk
~/UI/Admin/Events/Exams/Forms/Delete.aspx,admin/events/exams/delete
~/UI/Admin/Events/Exams/Forms/Describe.aspx,ui/admin/events/exams/describe
~/UI/Admin/Events/Exams/Forms/Outline.aspx,ui/admin/events/exams/outline
~/UI/Admin/Events/Exams/Forms/Recode.aspx,ui/admin/events/exams/recode
~/UI/Admin/Events/Exams/Forms/Reschedule.aspx,ui/admin/events/exams/reschedule
~/UI/Admin/Events/Exams/Forms/ReturnMaterial.aspx,ui/admin/events/exams/return-material
~/UI/Admin/Events/Exams/Search.aspx,ui/admin/events/exams/search
~/UI/Admin/Events/Home.aspx,ui/admin/events/home
~/UI/Admin/Events/Registrations/Classes/Forms/Add.aspx,ui/admin/registrations/classes/add
~/UI/Admin/Events/Registrations/Classes/Forms/Card.aspx,ui/admin/registrations/classes/card
~/UI/Admin/Events/Registrations/Classes/Forms/Delete.aspx,ui/admin/registrations/classes/delete
~/UI/Admin/Events/Registrations/Classes/Forms/Edit.aspx,ui/admin/registrations/classes/edit
~/UI/Admin/Events/Registrations/Classes/Forms/Move.aspx,ui/admin/registrations/classes/move
~/UI/Admin/Events/Registrations/Exams/Forms/Add.aspx,ui/admin/registrations/exams/add
~/UI/Admin/Events/Registrations/Exams/Forms/Delete.aspx,ui/admin/registrations/exams/delete
~/UI/Admin/Events/Registrations/Exams/Forms/Edit.aspx,ui/admin/registrations/exams/edit
~/UI/Admin/Events/Registrations/Exams/Forms/Verify.aspx,ui/admin/registrations/exams/verify
~/UI/Admin/Events/Registrations/Exams/Search.aspx,ui/admin/events/registrations/exams/search
~/UI/Admin/Events/Registrations/Search.aspx,ui/admin/events/registrations/search
~/UI/Admin/Events/Reports/Dashboard.aspx,ui/admin/events/reports/dashboard
~/UI/Admin/Events/Reports/Forms/ExamEventSchedule.aspx,ui/admin/events/reports/exam-event-schedule
~/UI/Admin/Events/Seats/Forms/Add.aspx,ui/admin/events/seats/add
~/UI/Admin/Events/Seats/Forms/Delete.aspx,ui/admin/events/seats/delete
~/UI/Admin/Events/Seats/Forms/Edit.aspx,ui/admin/events/seats/edit
~/UI/Admin/Events/Seats/Search.aspx,ui/admin/events/seats/search
~/UI/Admin/Foundations/Colors.aspx,ui/admin/foundations/colors
~/UI/Admin/Home.aspx,ui/admin/home
~/UI/Admin/Identity/Permissions/Create.aspx,ui/admin/identity/permissions/create
~/UI/Admin/Identity/Permissions/GrantAccess.aspx,ui/admin/identity/permissions/grant-access
~/UI/Admin/Identity/UsersConnections/Search.aspx,ui/admin/identity/users-connections/search
~/UI/Admin/Integrations/ApiRequests/Outline.aspx,ui/admin/integrations/api-requests/outline
~/UI/Admin/Integrations/ApiRequests/Search.aspx,ui/admin/integrations/api-requests/search
~/UI/Admin/Integrations/BCMail/Search.aspx,ui/admin/integrations/bcmail/search
~/UI/Admin/Integrations/BCMail/View.aspx,ui/admin/integrations/bcmail/view
~/UI/Admin/Integrations/DirectAccess/Search.aspx,ui/admin/integrations/directaccess/search
~/UI/Admin/Integrations/DirectAccess/View.aspx,ui/admin/integrations/directaccess/view
~/UI/Admin/Integrations/Home.aspx,ui/admin/integration/home
~/UI/Admin/Integrations/Tests/D365.aspx,ui/admin/integrations/test/d365
~/UI/Admin/Integrations/Tests/LTI.aspx,ui/admin/integrations/test/lti
~/UI/Admin/learning/Catalogs/Create.aspx,ui/admin/learning/catalogs/create
~/UI/Admin/learning/Catalogs/Delete.aspx,ui/admin/learning/catalogs/delete
~/UI/Admin/learning/Catalogs/Edit.aspx,ui/admin/learning/catalogs/edit
~/UI/Admin/learning/Catalogs/Search.aspx,ui/admin/learning/catalogs/search
~/UI/Admin/Learning/Categories/Create.aspx,ui/admin/learning/categories/create
~/UI/Admin/Learning/Categories/Delete.aspx,ui/admin/learning/categories/delete
~/UI/Admin/Learning/Categories/Edit.aspx,ui/admin/learning/categories/edit
~/UI/Admin/Learning/Categories/Search.aspx,ui/admin/learning/categories/search
~/UI/Admin/Learning/Programs/Create.aspx,ui/admin/learning/programs/create
~/UI/Admin/Learning/Programs/Delete.aspx,ui/admin/learning/programs/delete
~/UI/Admin/Learning/Programs/Describe.aspx,ui/admin/learning/programs/describe
~/UI/Admin/Learning/Programs/Duplicate.aspx,ui/admin/learning/programs/duplicate
~/UI/Admin/Learning/Programs/Enrollments/Add.aspx,ui/admin/learning/programs/enrollments/add
~/UI/Admin/Learning/Programs/Enrollments/Assign.aspx,ui/admin/learning/programs/enrollments/assign
~/UI/Admin/Learning/Programs/Enrollments/Remove.aspx,ui/admin/learning/programs/enrollments/remove
~/UI/Admin/Learning/Programs/ModifyAchievement.aspx,ui/admin/learning/programs/modify-achievement
~/UI/Admin/Learning/Programs/ModifyCatalog.aspx,ui/admin/learning/programs/modify-catalog
~/UI/Admin/Learning/Programs/ModifyContent.aspx,ui/admin/learning/programs/modify-content
~/UI/Admin/Learning/Programs/ModifyNotification.aspx,ui/admin/learning/programs/modify-notification
~/UI/Admin/Learning/Programs/ModifyPublication.aspx,ui/admin/learning/programs/modify-publication
~/UI/Admin/Learning/Programs/ModifySettings.aspx,ui/admin/learning/programs/modify-settings
~/UI/Admin/Learning/Programs/Outline.aspx,ui/admin/learning/programs/outline
~/UI/Admin/Learning/Programs/Search.aspx,ui/admin/learning/programs/search
~/UI/Admin/Learning/Programs/Tasks/Assign.aspx,ui/admin/learning/programs/tasks/assign
~/UI/Admin/Learning/Programs/Tasks/Edit.aspx,ui/admin/learning/programs/tasks/edit
~/UI/Admin/Logs/Aggregates/Outline.aspx,ui/admin/logs/aggregates/outline
~/UI/Admin/Logs/Commands/Forms/Create.aspx,ui/admin/logs/commands/create
~/UI/Admin/Logs/Commands/Forms/Edit.aspx,ui/admin/logs/commands/edit
~/UI/Admin/Logs/Commands/Search.aspx,ui/admin/logs/commands/search
~/UI/Admin/Logs/Home.aspx,ui/admin/timeline/home
~/UI/Admin/Messages/Clicks/Search.aspx,ui/admin/messages/clicks/search
~/UI/Admin/Messages/Deliveries/Forms/View.aspx,ui/admin/messages/deliveries/view
~/UI/Admin/Messages/Emails/Search.aspx,ui/admin/messages/emails/search
~/UI/Admin/Messages/Home.aspx,ui/admin/messages/home
~/UI/Admin/Messages/Mailouts/Failures/Search.aspx,ui/admin/messages/mailouts/failures/search
~/UI/Admin/Messages/Mailouts/Forms/Schedule.aspx,ui/admin/messages/mailouts/schedule
~/UI/Admin/Messages/Mailouts/Search.aspx,ui/admin/messages/mailouts/search
~/UI/Admin/Messages/Messages/ChangeSender.aspx,ui/admin/messages/change-sender
~/UI/Admin/Messages/Messages/Delete.aspx,ui/admin/messages/messages/delete
~/UI/Admin/Messages/Messages/Forms/Content.aspx,ui/admin/messages/content
~/UI/Admin/Messages/Messages/Forms/Create.aspx,ui/admin/messages/create
~/UI/Admin/Messages/Messages/Forms/Rename.aspx,ui/admin/messages/rename
~/UI/Admin/Messages/Messages/Forms/Retitle.aspx,ui/admin/messages/retitle
~/UI/Admin/Messages/Messages/Search.aspx,ui/admin/messages/messages/search
~/UI/Admin/Messages/Outlines/Forms/Download.aspx,ui/admin/messages/download
~/UI/Admin/Messages/Outlines/Forms/Outline.aspx,ui/admin/messages/outline
~/UI/Admin/Messages/Reports/Forms/EmailSummary.aspx,ui/admin/messages/reports/email-summary
~/UI/Admin/Messages/Reports/Forms/MailoutSummary.aspx,ui/admin/messages/reports/mailout-summary
~/UI/Admin/Messages/Subscribers/Forms/Add.aspx,ui/admin/messages/subscribers/add
~/UI/Admin/Messages/Subscribers/Forms/Delete.aspx,ui/admin/messages/subscribers/delete
~/UI/Admin/Messages/Subscribers/Forms/DeleteAll.aspx,ui/admin/messages/subscribers/delete-all
~/UI/Admin/Platform/Home.aspx,ui/admin/setup/home
~/UI/Admin/Platform/Routes/Create.aspx,ui/admin/platform/routes/create
~/UI/Admin/Platform/Routes/Edit.aspx,ui/admin/platform/routes/edit
~/UI/Admin/Platform/Routes/Search.aspx,ui/admin/platform/routes/search
~/UI/Admin/Plugin/NCSHA/History.aspx,ui/admin/plugin/ncsha/history
~/UI/Admin/Plugin/NCSHA/RefreshReports.aspx,ui/admin/plugin/ncsha/refresh-reports
~/UI/Admin/Plugin/NCSHA/RefreshStatistics.aspx,ui/admin/plugin/ncsha/refresh-statistics
~/UI/Admin/Prototype/DashboardAdministrator.aspx,ui/admin/dashboard/administrator
~/UI/Admin/Prototype/DashboardAuditor.aspx,ui/admin/dashboard/auditor
~/UI/Admin/Prototype/DashboardEmployer.aspx,ui/admin/dashboard/employer
~/UI/Admin/Prototype/DashboardInstructor.aspx,ui/admin/dashboard/instructor
~/UI/Admin/Prototype/DashboardOhs.aspx,ui/admin/dashboard/ohs
~/UI/Admin/Prototype/DashboardTrainingProvider.aspx,ui/admin/dashboard/training-provider
~/UI/Admin/Prototypes/MultidimensionalDataInput.aspx,ui/admin/prototype/mddi
~/UI/Admin/Records/Achievements/Delete.aspx,ui/admin/records/achievements/delete
~/UI/Admin/Records/Achievements/Forms/AddPrerequisite.aspx,ui/admin/records/achievements/add-prerequisite
~/UI/Admin/Records/Achievements/Forms/Define.aspx,ui/admin/records/achievements/define
~/UI/Admin/Records/Achievements/Forms/DeletePrerequisite.aspx,ui/admin/records/achievements/delete-prerequisite
~/UI/Admin/Records/Achievements/Forms/Describe.aspx,ui/admin/records/achievements/describe
~/UI/Admin/Records/Achievements/Forms/Expiration.aspx,ui/admin/records/achievements/expiration
~/UI/Admin/Records/Achievements/Forms/Outline.aspx,ui/admin/records/achievements/outline
~/UI/Admin/Records/Achievements/Search.aspx,ui/admin/records/achievements/search
~/UI/Admin/Records/CertificateLayouts/Create.aspx,ui/admin/records/achievement-layouts/create
~/UI/Admin/Records/CertificateLayouts/Edit.aspx,ui/admin/records/achievement-layouts/edit
~/UI/Admin/Records/CertificateLayouts/Search.aspx,ui/admin/records/achievement-layouts/search
~/UI/Admin/Records/Credentials/Forms/Assign.aspx,ui/admin/records/credentials/assign
~/UI/Admin/Records/Credentials/Forms/Configure.aspx,ui/admin/records/credentials/configure
~/UI/Admin/Records/Credentials/Forms/Delete.aspx,ui/admin/records/credentials/delete
~/UI/Admin/Records/Credentials/Forms/Grant.aspx,ui/admin/records/credentials/grant
~/UI/Admin/Records/Credentials/Forms/Outline.aspx,ui/admin/records/credentials/outline
~/UI/Admin/Records/Credentials/Forms/Revoke.aspx,ui/admin/records/credentials/revoke
~/UI/Admin/Records/Credentials/Search.aspx,ui/admin/records/credentials/search
~/UI/Admin/Records/Gradebooks/Forms/AddLearner.aspx,ui/admin/records/gradebooks/add-learner
~/UI/Admin/Records/Gradebooks/Forms/AssignPeriod.aspx,ui/admin/records/gradebooks/assign-period
~/UI/Admin/Records/Gradebooks/Forms/Change.aspx,ui/admin/records/gradebooks/change
~/UI/Admin/Records/Gradebooks/Forms/ChangeUser.aspx,ui/admin/records/gradebooks/change-user
~/UI/Admin/Records/Gradebooks/Forms/Delete.aspx,admin/records/gradebooks/delete
~/UI/Admin/Records/Gradebooks/Forms/DeleteStudent.aspx,admin/records/gradebooks/delete-student
~/UI/Admin/Records/Gradebooks/Forms/Download.aspx,ui/admin/records/gradebooks/download
~/UI/Admin/Records/Gradebooks/Forms/Open.aspx,ui/admin/records/gradebooks/open
~/UI/Admin/Records/Gradebooks/Forms/Outline.aspx,ui/admin/records/gradebooks/outline
~/UI/Admin/Records/Gradebooks/Forms/Rename.aspx,ui/admin/records/gradebooks/rename
~/UI/Admin/Records/Gradebooks/Forms/Scores.aspx,ui/admin/records/gradebooks/scores
~/UI/Admin/Records/Gradebooks/Instructors/Forms/GradebookOutline.aspx,ui/admin/records/gradebooks/instructors/gradebook-outline
~/UI/Admin/Records/Gradebooks/Instructors/Forms/GradebookScores.aspx,ui/admin/records/gradebooks/instructors/gradebook-change
~/UI/Admin/Records/Gradebooks/Instructors/Forms/PersonOutline.aspx,ui/admin/records/gradebooks/instructors/person-outline
~/UI/Admin/Records/Gradebooks/Instructors/Search.aspx,ui/admin/records/gradebooks/instructors/search
~/UI/Admin/Records/Gradebooks/Search.aspx,ui/admin/records/gradebooks/search
~/UI/Admin/Records/Home.aspx,ui/admin/records/home
~/UI/Admin/Records/Items/Forms/AddCalculation.aspx,ui/admin/records/items/add-calculation
~/UI/Admin/Records/Items/Forms/AddCategory.aspx,ui/admin/records/items/add-category
~/UI/Admin/Records/Items/Forms/AddScore.aspx,ui/admin/records/items/add-score
~/UI/Admin/Records/Items/Forms/ChangeCalculation.aspx,ui/admin/records/items/change-calculation
~/UI/Admin/Records/Items/Forms/ChangeCategory.aspx,ui/admin/records/items/change-category
~/UI/Admin/Records/Items/Forms/ChangeScore.aspx,ui/admin/records/items/change-score
~/UI/Admin/Records/Items/Forms/Delete.aspx,admin/records/items/delete
~/UI/Admin/Records/Items/Forms/Reorder.aspx,ui/admin/records/items/reorder
~/UI/Admin/Records/Logbooks/Achievements/GrantAchievements.aspx,ui/admin/records/logbooks/achievements/grant-achievements
~/UI/Admin/Records/Logbooks/AddCompetencies.aspx,ui/admin/records/logbooks/add-competencies
~/UI/Admin/Records/Logbooks/AddFields.aspx,ui/admin/records/logbooks/add-fields
~/UI/Admin/Records/Logbooks/AddUsers.aspx,ui/admin/records/logbooks/add-users
~/UI/Admin/Records/Logbooks/Change.aspx,ui/admin/records/logbooks/change
~/UI/Admin/Records/Logbooks/ChangeArea.aspx,ui/admin/records/logbooks/change-area
~/UI/Admin/Records/Logbooks/ChangeCompetency.aspx,ui/admin/records/logbooks/change-competency
~/UI/Admin/Records/Logbooks/ChangeExperienceCompetency.aspx,ui/admin/records/logbooks/change-experience-competency
~/UI/Admin/Records/Logbooks/ChangeExperienceField.aspx,ui/admin/records/logbooks/change-experience-field
~/UI/Admin/Records/Logbooks/ChangeField.aspx,ui/admin/records/logbooks/change-field
~/UI/Admin/Records/Logbooks/ChangeJournalComment.aspx,ui/admin/records/logbooks/change-journal-comment
~/UI/Admin/Records/Logbooks/Competencies/Delete.aspx,admin/records/logbooks/competencies/delete
~/UI/Admin/Records/Logbooks/Competencies/Search.aspx,ui/admin/records/logbooks/competencies/search
~/UI/Admin/Records/Logbooks/Competencies/ViewExperience.aspx,ui/admin/records/logbooks/competencies/view-experience
~/UI/Admin/Records/Logbooks/Content.aspx,ui/admin/records/logbooks/content
~/UI/Admin/Records/Logbooks/CreateJournalComment.aspx,ui/admin/records/logbooks/create-journal-comment
~/UI/Admin/Records/Logbooks/Delete.aspx,ui/admin/records/logbooks/delete
~/UI/Admin/Records/Logbooks/DeleteCompetency.aspx,admin/records/logbooks/delete-competency
~/UI/Admin/Records/Logbooks/DeleteField.aspx,admin/records/logbooks/delete-field
~/UI/Admin/Records/Logbooks/DeleteJournalComment.aspx,ui/admin/records/logbooks/delete-journal-comment
~/UI/Admin/Records/Logbooks/DeleteUser.aspx,ui/admin/records/logbooks/delete-user
~/UI/Admin/Records/Logbooks/Entries/Delete.aspx,ui/admin/records/logbooks/entries/delete
~/UI/Admin/Records/Logbooks/Entries/Search.aspx,ui/admin/records/logbooks/entries/search
~/UI/Admin/Records/Logbooks/Entries/ViewExperience.aspx,ui/admin/records/logbooks/entries/view-experience
~/UI/Admin/Records/Logbooks/Open.aspx,ui/admin/records/logbooks/open
~/UI/Admin/Records/Logbooks/Outline.aspx,ui/admin/records/logbooks/outline
~/UI/Admin/Records/Logbooks/OutlineJournal.aspx,ui/admin/records/logbooks/outline-journal
~/UI/Admin/Records/Logbooks/Rename.aspx,ui/admin/records/logbooks/rename
~/UI/Admin/Records/Logbooks/ReorderFields.aspx,ui/admin/records/logbooks/reorder-fields
~/UI/Admin/Records/Logbooks/Search.aspx,ui/admin/records/logbooks/search
~/UI/Admin/Records/Logbooks/SearchJournal/Search.aspx,ui/admin/records/logbooks/searchjournal/search
~/UI/Admin/Records/Logbooks/UserJournal.aspx,ui/admin/records/logbooks/user-journal
~/UI/Admin/Records/Logbooks/ValidateExperience.aspx,ui/admin/records/logbooks/validate-experience
~/UI/Admin/Records/Logbooks/Validators/Assign.aspx,ui/admin/records/logbooks/validators/assign
~/UI/Admin/Records/Logbooks/Validators/BulkEntry.aspx,ui/admin/records/logbooks/validators/bulk-entry
~/UI/Admin/Records/Logbooks/Validators/competencies/Search.aspx,ui/admin/records/logbooks/validators/competencies/search
~/UI/Admin/Records/Logbooks/Validators/Competencies/ViewExperience.aspx,ui/admin/records/logbooks/validators/competencies/view-experience
~/UI/Admin/Records/Logbooks/Validators/Delete.aspx,ui/admin/records/logbooks/validators/delete
~/UI/Admin/Records/Logbooks/Validators/Entries/Search.aspx,ui/admin/records/logbooks/validators/entries/search
~/UI/Admin/Records/Logbooks/Validators/Entries/ViewExperience.aspx,ui/admin/records/logbooks/validators/entries/view-experience
~/UI/Admin/Records/Logbooks/Validators/Forms/AddExperience.aspx,ui/admin/records/logbooks/validators/add-experience
~/UI/Admin/Records/Logbooks/Validators/Forms/AddUsers.aspx,ui/admin/records/logbooks/validators/add-users
~/UI/Admin/Records/Logbooks/Validators/Forms/ChangeExperienceCompetency.aspx,ui/admin/records/logbooks/validators/change-experience-competency
~/UI/Admin/Records/Logbooks/Validators/Forms/ChangeExperienceField.aspx,ui/admin/records/logbooks/validators/change-experience-field
~/UI/Admin/Records/Logbooks/Validators/Forms/ChangeJournalComment.aspx,ui/admin/records/logbooks/validators/change-journal-comment
~/UI/Admin/Records/Logbooks/Validators/Forms/CreateJournalComment.aspx,ui/admin/records/logbooks/validators/create-journal-comment
~/UI/Admin/Records/Logbooks/Validators/Forms/Outline.aspx,ui/admin/records/logbooks/validators/outline
~/UI/Admin/Records/Logbooks/Validators/Forms/OutlineJournal.aspx,ui/admin/records/logbooks/validators/outline-journal
~/UI/Admin/Records/Logbooks/Validators/Forms/UserJournal.aspx,ui/admin/records/logbooks/validators/user-journal
~/UI/Admin/Records/Logbooks/Validators/Forms/ValidateExperience.aspx,ui/admin/records/logbooks/validators/validate-experience
~/UI/Admin/Records/Logbooks/Validators/Search.aspx,ui/admin/records/logbooks/validators/search
~/UI/Admin/Records/Logbooks/Validators/SearchJournal/Search.aspx,ui/admin/records/logbooks/validators/searchjournal/search
~/UI/Admin/Records/Outcomes/Change.aspx,ui/admin/records/outcomes/change
~/UI/Admin/Records/Outcomes/Search.aspx,ui/admin/records/outcomes/search
~/UI/Admin/Records/Periods/Create.aspx,ui/admin/records/periods/create
~/UI/Admin/Records/Periods/Delete.aspx,ui/admin/records/periods/delete
~/UI/Admin/Records/Periods/Edit.aspx,ui/admin/records/periods/edit
~/UI/Admin/Records/Periods/Search.aspx,ui/admin/records/periods/search
~/UI/Admin/Records/Reports/Forms/AcademicYear.aspx,ui/admin/records/reports/academic-year
~/UI/Admin/Records/Reports/Forms/LearningMastery.aspx,ui/admin/records/reports/learning-mastery
~/UI/Admin/Records/Reports/LearnerActivity/Search.aspx,ui/admin/records/reports/learner-activity
~/UI/Admin/Records/Rurbics/Create.aspx,ui/admin/records/rubrics/create
~/UI/Admin/Records/Rurbics/Delete.aspx,ui/admin/records/rubrics/delete
~/UI/Admin/Records/Rurbics/Edit.aspx,ui/admin/records/rubrics/edit
~/UI/Admin/Records/Rurbics/Outline.aspx,ui/admin/records/rubrics/outline
~/UI/Admin/Records/Rurbics/Search.aspx,ui/admin/records/rubrics/search
~/UI/Admin/Records/Rurbics/Translate.aspx,ui/admin/records/rubrics/translate
~/UI/Admin/Records/Scores/Forms/Change.aspx,ui/admin/records/scores/change
~/UI/Admin/Records/Scores/Forms/Delete.aspx,admin/records/scores/delete
~/UI/Admin/Records/Scores/Search.aspx,ui/admin/records/scores/search
~/UI/Admin/Records/Validators/Competencies/Delete.aspx,admin/records/validators/competencies/delete
~/UI/Admin/Records/Validators/Entries/Delete.aspx,admin/records/validators/entries/delete
~/UI/Admin/Records/Validators/Forms/DeleteJournalComment.aspx,admin/records/validators/delete-journal-comment
~/UI/Admin/Records/Validators/Forms/DeleteUser.aspx,admin/records/validators/delete-user
~/UI/Admin/Reporting/ComplianceSnapshots.aspx,ui/admin/reporting/compliance-snapshots
~/UI/Admin/Reporting/ContactDataAnomalies.aspx,ui/admin/reporting/contact-data-anomalies
~/UI/Admin/Reporting/CurrentUserSessions.aspx,ui/admin/reporting/current-user-sessions
~/UI/Admin/Reporting/Home.aspx,ui/admin/reporting
~/UI/Admin/Reporting/LoginHistory.aspx,ui/admin/reporting/login-history
~/UI/Admin/Reporting/PhoneList.aspx,ui/admin/reporting/phone-list
~/UI/Admin/Reports/Build.aspx,ui/admin/reports/build
~/UI/Admin/Reports/Changes/Forms/ViewHistory.aspx,ui/admin/reports/changes/history
~/UI/Admin/Reports/Create.aspx,ui/admin/reports/create
~/UI/Admin/Reports/Dashboards/Home.aspx,ui/admin/reports/dashboards
~/UI/Admin/Reports/Delete.aspx,ui/admin/reports/delete
~/UI/Admin/Reports/Download.aspx,ui/admin/reports/download
~/UI/Admin/Reports/Edit.aspx,ui/admin/reports/edit
~/UI/Admin/Reports/Events.aspx,ui/admin/reports/events
~/UI/Admin/Reports/Impersonations/Search.aspx,ui/admin/reports/impersonations/search
~/UI/Admin/Reports/Queries/Search.aspx,ui/admin/reports/queries/search
~/UI/Admin/Reports/Queries/Sql.aspx,ui/admin/reports/queries/sql
~/UI/Admin/Reports/Search.aspx,ui/admin/reports/search
~/UI/Admin/Sales/Discounts/Forms/Create.aspx,ui/admin/sales/discounts/create
~/UI/Admin/Sales/Discounts/Forms/Delete.aspx,admin/sales/discounts/delete
~/UI/Admin/Sales/Discounts/Forms/Edit.aspx,ui/admin/sales/discounts/edit
~/UI/Admin/Sales/Discounts/Search.aspx,ui/admin/sales/discounts/search
~/UI/Admin/Sales/Home.aspx,ui/admin/sales/home
~/UI/Admin/Sales/Invoices/Forms/ChangeCustomer.aspx,ui/admin/sales/invoices/change-customer
~/UI/Admin/Sales/Invoices/Forms/ChangeInvoiceDetails.aspx,ui/admin/sales/invoices/change-invoice-details
~/UI/Admin/Sales/Invoices/Forms/Delete.aspx,admin/sales/invoices/delete
~/UI/Admin/Sales/Invoices/Forms/Draft.aspx,ui/admin/sales/invoices/draft
~/UI/Admin/Sales/Invoices/Forms/Outline.aspx,ui/admin/sales/invoices/outline
~/UI/Admin/Sales/Invoices/Items/Forms/Add.aspx,ui/admin/sales/invoices/items/add
~/UI/Admin/Sales/Invoices/Items/Forms/Revise.aspx,ui/admin/sales/invoices/items/revise
~/UI/Admin/Sales/Invoices/Search.aspx,ui/admin/sales/invoices/search
~/UI/Admin/Sales/Orders/Search.aspx,ui/admin/sales/orders/search
~/UI/Admin/Sales/Packages/Forms/Create.aspx,ui/admin/sales/packages/create
~/UI/Admin/Sales/Packages/Forms/Edit.aspx,ui/admin/sales/packages/edit
~/UI/Admin/Sales/Packages/Forms/Search.aspx,ui/admin/sales/packages/search
~/UI/Admin/Sales/Payments/Forms/Outline.aspx,ui/admin/sales/payments/outline
~/UI/Admin/Sales/Payments/Search.aspx,ui/admin/sales/payments/search
~/UI/Admin/Sales/Products/Forms/Create.aspx,ui/admin/sales/products/create
~/UI/Admin/Sales/Products/Forms/Delete.aspx,admin/sales/products/delete
~/UI/Admin/Sales/Products/Forms/Edit.aspx,ui/admin/sales/products/edit
~/UI/Admin/Sales/Products/Search.aspx,ui/admin/sales/products/search
~/UI/Admin/Sales/Reports/EventRegistrationPayment/Search.aspx,ui/admin/sales/reports/event-registration-payments
~/UI/Admin/Sales/Taxes/Create.aspx,ui/admin/sales/taxes/create
~/UI/Admin/Sales/Taxes/Delete.aspx,ui/admin/sales/taxes/delete
~/UI/Admin/Sales/Taxes/Edit.aspx,ui/admin/sales/taxes/edit
~/UI/Admin/Sales/Taxes/Search.aspx,ui/admin/sales/taxes/search
~/UI/Admin/Sites/Home.aspx,ui/admin/sites/home
~/UI/Admin/Sites/Pages/Forms/ChangePageContent.aspx,ui/admin/sites/pages/content
~/UI/Admin/Sites/Pages/Forms/ChangePageSetup.aspx,ui/admin/sites/pages/change-page-setup
~/UI/Admin/Sites/Pages/Forms/ChangePrivacy.aspx,ui/admin/sites/pages/change-privacy
~/UI/Admin/Sites/Pages/Forms/ChangeSettings.aspx,ui/admin/sites/pages/change-settings
~/UI/Admin/Sites/Pages/Forms/ChangeStructure.aspx,ui/admin/sites/pages/change-structure
~/UI/Admin/Sites/Pages/Forms/Create.aspx,ui/admin/sites/pages/create
~/UI/Admin/Sites/Pages/Forms/Delete.aspx,ui/admin/sites/pages/delete
~/UI/Admin/Sites/Pages/Forms/Download.aspx,ui/admin/sites/pages/download
~/UI/Admin/Sites/Pages/Forms/Outline.aspx,ui/admin/sites/pages/outline
~/UI/Admin/Sites/Pages/Forms/Publish.aspx,ui/admin/sites/pages/publish
~/UI/Admin/Sites/Pages/Search.aspx,ui/admin/sites/pages/search
~/UI/Admin/Sites/Sites/Forms/Change.aspx,ui/admin/sites/change
~/UI/Admin/Sites/Sites/Forms/Configuration.aspx,ui/admin/sites/configuration
~/UI/Admin/Sites/Sites/Forms/Create.aspx,ui/admin/sites/create
~/UI/Admin/Sites/Sites/Forms/Delete.aspx,ui/admin/sites/delete
~/UI/Admin/Sites/Sites/Forms/Download.aspx,ui/admin/sites/download
~/UI/Admin/Sites/Sites/Forms/Outline.aspx,ui/admin/sites/outline
~/UI/Admin/Sites/Sites/Forms/SiteContent.aspx,ui/admin/sites/content
~/UI/Admin/Sites/Sites/Search.aspx,ui/admin/sites/sites/search
~/UI/Admin/Standards/Collections/Forms/Change.aspx,ui/admin/standards/collections/change
~/UI/Admin/Standards/Collections/Forms/Create.aspx,ui/admin/standards/collections/create
~/UI/Admin/Standards/Collections/Forms/Delete.aspx,admin/standards/collections/delete
~/UI/Admin/Standards/Collections/Forms/Download.aspx,ui/admin/standards/collections/download
~/UI/Admin/Standards/Collections/Forms/Outline.aspx,ui/admin/standards/collections/outline
~/UI/Admin/Standards/Collections/Forms/Print.aspx,ui/admin/standards/collections/print
~/UI/Admin/Standards/Collections/Search.aspx,ui/admin/standards/collections/search
~/UI/Admin/Standards/Documents/Forms/Analysis.aspx,ui/admin/standards/documents/analysis
~/UI/Admin/Standards/Documents/Forms/Content.aspx,ui/admin/standards/documents/content
~/UI/Admin/Standards/Documents/Forms/Create.aspx,ui/admin/standards/documents/create
~/UI/Admin/Standards/Documents/Forms/Delete.aspx,admin/standards/documents/delete
~/UI/Admin/Standards/Documents/Forms/Download.aspx,ui/admin/standards/documents/download
~/UI/Admin/Standards/Documents/Forms/Outline.aspx,ui/admin/standards/documents/outline
~/UI/Admin/Standards/Documents/Search.aspx,ui/admin/standards/documents/search
~/UI/Admin/Standards/Home.aspx,ui/admin/standards/home
~/UI/Admin/Standards/Manage.aspx,ui/admin/standards/manage
~/UI/Admin/Standards/Occupations/Forms/Chart.aspx,ui/admin/standards/occupations/chart
~/UI/Admin/Standards/Relationships/Forms/Create.aspx,ui/admin/standards/relationships/create
~/UI/Admin/Standards/Standards/Forms/Classify.aspx,ui/admin/standards/classify
~/UI/Admin/Standards/Standards/Forms/Content.aspx,ui/admin/standards/content
~/UI/Admin/Standards/Standards/Forms/Create.aspx,ui/admin/standards/create
~/UI/Admin/Standards/Standards/Forms/Delete.aspx,admin/standards/delete
~/UI/Admin/Standards/Standards/Forms/Download.aspx,ui/admin/standards/download
~/UI/Admin/Standards/Standards/Forms/Edit.aspx,ui/admin/standards/edit
~/UI/Admin/Standards/Standards/Forms/Info.aspx,ui/admin/standards/info
~/UI/Admin/Standards/Standards/Forms/Status.aspx,ui/admin/standards/edit/status
~/UI/Admin/Standards/Standards/Forms/Troubleshoot.aspx,ui/admin/standards/troubleshoot
~/UI/Admin/Standards/Standards/Forms/Upload.aspx,ui/admin/standards/upload
~/UI/Admin/Standards/Standards/Search.aspx,ui/admin/standards/standards/search
~/UI/Admin/Tools.aspx,ui/admin/tools
~/UI/Admin/Workflow/Attachments/Delete.aspx,ui/admin/workflow/attachments/delete
~/UI/Admin/Workflow/Attachments/Request.aspx,ui/admin/workflow/attachments/request
~/UI/Admin/Workflow/Cases/AssignContacts.aspx,ui/admin/workflow/cases/assign-contacts
~/UI/Admin/Workflow/Cases/Close.aspx,ui/admin/workflow/cases/close
~/UI/Admin/Workflow/Cases/Delete.aspx,ui/admin/workflow/cases/delete
~/UI/Admin/Workflow/Cases/Describe.aspx,ui/admin/workflow/cases/describe
~/UI/Admin/Workflow/Cases/Download.aspx,ui/admin/workflow/cases/download
~/UI/Admin/Workflow/Cases/ModifyStatus.aspx,ui/admin/workflow/cases/modify-status
~/UI/Admin/Workflow/Cases/ModifyTitle.aspx,ui/admin/workflow/cases/modify-title
~/UI/Admin/Workflow/Cases/ModifyType.aspx,ui/admin/workflow/cases/modify-type
~/UI/Admin/Workflow/Cases/Open.aspx,ui/admin/workflow/cases/open
~/UI/Admin/Workflow/Cases/Outline.aspx,ui/admin/workflow/cases/outline
~/UI/Admin/Workflow/Cases/Reports.aspx,ui/admin/workflow/cases/reports
~/UI/Admin/Workflow/Cases/Search.aspx,ui/admin/workflow/cases/search
~/UI/Admin/Workflow/Cases/SendEmail.aspx,ui/admin/workflow/cases/send-email
~/UI/Admin/Workflow/Comments/Create.aspx,ui/admin/workflow/comments/create
~/UI/Admin/Workflow/Comments/Delete.aspx,ui/admin/workflow/comments/delete
~/UI/Admin/Workflow/Comments/Modify.aspx,ui/admin/workflow/comments/modify
~/UI/Admin/Workflow/Forms/ChangeBranch.aspx,ui/admin/workflow/forms/change-branch
~/UI/Admin/Workflow/Forms/ChangeContent.aspx,ui/admin/workflow/forms/change-content
~/UI/Admin/Workflow/Forms/ChangeSettings.aspx,ui/admin/workflow/forms/change-settings
~/UI/Admin/Workflow/Forms/ChangeStatus.aspx,ui/admin/workflow/forms/change-status
~/UI/Admin/Workflow/Forms/Comments/Author.aspx,ui/admin/workflow/forms/comments/author
~/UI/Admin/Workflow/Forms/Comments/Delete.aspx,ui/admin/workflow/forms/comments/delete
~/UI/Admin/Workflow/Forms/Comments/Revise.aspx,ui/admin/workflow/forms/comments/revise
~/UI/Admin/Workflow/Forms/Conditions/Add.aspx,ui/admin/workflow/forms/conditions/add
~/UI/Admin/Workflow/Forms/Conditions/Change.aspx,ui/admin/workflow/forms/conditions/change
~/UI/Admin/Workflow/Forms/Conditions/Delete.aspx,ui/admin/workflow/forms/conditions/delete
~/UI/Admin/Workflow/Forms/ConfigureWorkflow.aspx,ui/admin/workflow/forms/configure-workflow
~/UI/Admin/Workflow/Forms/Create.aspx,ui/admin/workflow/forms/create
~/UI/Admin/Workflow/Forms/Delete.aspx,ui/admin/workflow/forms/delete
~/UI/Admin/Workflow/Forms/Download.aspx,ui/admin/workflow/forms/download
~/UI/Admin/Workflow/Forms/Home.aspx,ui/admin/workflow/forms/home
~/UI/Admin/Workflow/Forms/Lock.aspx,ui/admin/workflow/forms/lock
~/UI/Admin/Workflow/Forms/Outline.aspx,ui/admin/workflow/forms/outline
~/UI/Admin/Workflow/Forms/OutlineWotabs.aspx,ui/admin/workflow/forms/outline-wotabs
~/UI/Admin/Workflow/Forms/Questions/Add.aspx,ui/admin/workflow/forms/questions/add
~/UI/Admin/Workflow/Forms/Questions/Change.aspx,ui/admin/workflow/forms/questions/change
~/UI/Admin/Workflow/Forms/Questions/DefineLikertScales.aspx,ui/admin/workflow/forms/questions/define-likert-scales
~/UI/Admin/Workflow/Forms/Questions/Delete.aspx,ui/admin/workflow/forms/questions/delete
~/UI/Admin/Workflow/Forms/Questions/Reorder.aspx,ui/admin/workflow/forms/questions/reorder
~/UI/Admin/Workflow/Forms/Rename.aspx,ui/admin/workflow/forms/rename
~/UI/Admin/Workflow/Forms/Report.aspx,ui/admin/workflow/forms/report
~/UI/Admin/Workflow/Forms/ReportPrint.aspx,ui/admin/workflow/forms/report-print
~/UI/Admin/Workflow/Forms/Search.aspx,ui/admin/workflow/forms/search
~/UI/Admin/Workflow/Forms/Submissions/Change.aspx,ui/admin/workflow/forms/submissions/change
~/UI/Admin/Workflow/Forms/Submissions/DeleteMany.aspx,ui/admin/workflow/forms/submissions/delete-many
~/UI/Admin/Workflow/Forms/Submissions/DeleteOne.aspx,ui/admin/workflow/forms/submissions/delete-one
~/UI/Admin/Workflow/Forms/Submissions/Lock.aspx,ui/admin/workflow/forms/submissions/lock
~/UI/Admin/Workflow/Forms/Submissions/Outline.aspx,ui/admin/workflow/forms/submissions/outline
~/UI/Admin/Workflow/Forms/Submissions/Search.aspx,ui/admin/workflow/forms/submissions/search
~/UI/Admin/Workflow/Forms/Submissions/Unlock.aspx,ui/admin/workflow/forms/submissions/unlock
~/UI/Admin/Workflow/Forms/Translate.aspx,ui/admin/workflow/forms/translate
~/UI/Admin/Workflow/Forms/Unlock.aspx,ui/admin/workflow/forms/unlock
~/UI/Admin/Workflow/Home.aspx,ui/admin/workflow/home
~/UI/CMDS/Admin/Achievements/Create.aspx,ui/cmds/admin/achievements/create
~/UI/CMDS/Admin/Achievements/Credentials/Assign.aspx,ui/cmds/admin/achievements/credentials/assign
~/UI/CMDS/Admin/Achievements/Credentials/AssignCertificate.aspx,ui/cmds/admin/achievements/credentials/assign-certificate
~/UI/CMDS/Admin/Achievements/Credentials/AssignDepartment.aspx,ui/cmds/admin/achievements/credentials/assign-department
~/UI/CMDS/Admin/Achievements/Credentials/Expire.aspx,ui/cmds/admin/achievements/credentials/expire
~/UI/CMDS/Admin/Achievements/Edit.aspx,ui/cmds/admin/achievements/edit
~/UI/CMDS/Admin/Achievements/EditUploads.aspx,ui/cmds/admin/achievements/edit-uploads
~/UI/CMDS/Admin/Achievements/Search.aspx,ui/cmds/admin/achievements/search
~/UI/CMDS/Admin/Achievements/ViewReferences.aspx,ui/cmds/admin/achievements/view-references
~/UI/CMDS/Admin/Departments/AssignManagers.aspx,ui/cmds/admin/departments/assign-managers
~/UI/CMDS/Admin/Departments/AssignUsers.aspx,ui/cmds/admin/departments/assign-users
~/UI/CMDS/Admin/Departments/Create.aspx,ui/cmds/admin/departments/create
~/UI/CMDS/Admin/Departments/Edit.aspx,ui/cmds/admin/departments/edit
~/UI/CMDS/Admin/Departments/PrioritizeCompetencies.aspx,ui/cmds/admin/departments/prioritize-competencies
~/UI/CMDS/Admin/Departments/ProfileCompetencies/Assign.aspx,ui/cmds/admin/departments/profile-competencies/assign
~/UI/CMDS/Admin/Departments/ProfileCompetencies/Build.aspx,ui/cmds/admin/departments/profile-competencies/build
~/UI/CMDS/Admin/Departments/ProfileCompetencies/Prioritize.aspx,ui/cmds/admin/departments/profile-competencies/prioritize
~/UI/CMDS/Admin/Departments/ProfileUsers/Create.aspx,ui/cmds/admin/departments/profile-users/create
~/UI/CMDS/Admin/Departments/ProfileUsers/Edit.aspx,ui/cmds/admin/departments/profile-users/edit
~/UI/CMDS/Admin/Departments/ProfileUsers/Search.aspx,ui/cmds/admin/departments/profile-users/search
~/UI/CMDS/Admin/Divisions/Create.aspx,ui/cmds/admin/divisions/create
~/UI/CMDS/Admin/Divisions/Edit.aspx,ui/cmds/admin/divisions/edit
~/UI/CMDS/Admin/Messages/AssignFollowers.aspx,ui/cmds/admin/messages/assign-followers
~/UI/CMDS/Admin/Messages/AssignSubscribers.aspx,ui/cmds/admin/messages/assign-subscribers
~/UI/CMDS/Admin/Messages/Send.aspx,ui/cmds/admin/messages/send
~/UI/CMDS/Admin/Organizations/Categories/Create.aspx,ui/cmds/admin/organizations/categories/create
~/UI/CMDS/Admin/Organizations/Categories/Edit.aspx,ui/cmds/admin/organizations/categories/edit
~/UI/CMDS/Admin/Organizations/Create.aspx,ui/cmds/admin/organizations/create
~/UI/CMDS/Admin/Organizations/Edit.aspx,ui/cmds/admin/organizations/edit
~/UI/CMDS/Admin/Organizations/Search.aspx,ui/cmds/admin/organizations/search
~/UI/CMDS/Admin/Reports/AchievementExpirations.aspx,ui/cmds/admin/reports/achievement-expirations
~/UI/CMDS/Admin/Reports/ActiveUsers.aspx,ui/cmds/admin/reports/active-users
~/UI/CMDS/Admin/Reports/CollegeCertificates.aspx,ui/cmds/admin/reports/college-certificates
~/UI/CMDS/Admin/Reports/CompetenciesPerCategory.aspx,ui/cmds/admin/reports/competencies-per-category
~/UI/CMDS/Admin/Reports/CompetenciesPerDepartment.aspx,ui/cmds/admin/reports/competencies-per-department
~/UI/CMDS/Admin/Reports/CompetenciesPerProfile.aspx,ui/cmds/admin/reports/competencies-per-profile
~/UI/CMDS/Admin/Reports/CompetencyStatusHistory.aspx,ui/cmds/admin/reports/competency-status-history
~/UI/CMDS/Admin/Reports/CompetencyStatusPerUser.aspx,ui/cmds/admin/reports/competency-status-per-user
~/UI/CMDS/Admin/Reports/ComplianceSummary.aspx,ui/cmds/admin/reports/compliance-summary
~/UI/CMDS/Admin/Reports/DepartmentProfileDetails.aspx,ui/cmds/admin/reports/department-profile-details
~/UI/CMDS/Admin/Reports/DepartmentProfileSummary.aspx,ui/cmds/admin/reports/department-profile-summary
~/UI/CMDS/Admin/Reports/DepartmentUserStatus/DepartmentUserStatus.aspx,ui/cmds/admin/reports/department-user-status
~/UI/CMDS/Admin/Reports/ExecutiveSummaryOnAchievementStatus.aspx,ui/cmds/admin/reports/executive-summary-on-achievement-status
~/UI/CMDS/Admin/Reports/ExecutiveSummaryOnCompetencyStatus/Report.aspx,ui/cmds/admin/reports/executive-summary-on-competency-status
~/UI/CMDS/Admin/Reports/GroupCompetencySummary.aspx,ui/cmds/admin/reports/group-competency-summary
~/UI/CMDS/Admin/Reports/IndividualProfileAssignment.aspx,ui/cmds/admin/reports/individual-profile-assignment
~/UI/CMDS/Admin/Reports/MultiOrganizationUsers.aspx,ui/cmds/admin/reports/multi-organization-users
~/UI/CMDS/Admin/Reports/NotificationSubscribers.aspx,ui/cmds/admin/reports/notification-subscribers
~/UI/CMDS/Admin/Reports/OrganizationSummary.aspx,ui/cmds/admin/reports/organization-summary
~/UI/CMDS/Admin/Reports/TrainingCompletions.aspx,ui/cmds/admin/reports/training-completions
~/UI/CMDS/Admin/Reports/TrainingExpiryDates.aspx,ui/cmds/admin/reports/training-expiry-dates
~/UI/CMDS/Admin/Reports/TrainingHistoryByWorker.aspx,ui/cmds/admin/reports/training-history-by-worker
~/UI/CMDS/Admin/Reports/TrainingRequirementsPerCompetency.aspx,ui/cmds/admin/reports/training-requirements-per-competency
~/UI/CMDS/Admin/Reports/TrainingRequirementsPerUser.aspx,ui/cmds/admin/reports/training-requirements-per-user
~/UI/CMDS/Admin/Reports/UnprioritizedCompetencies.aspx,ui/cmds/admin/reports/unprioritized-competencies
~/UI/CMDS/Admin/Reports/UserCompetencySummary.aspx,ui/cmds/admin/reports/user-competency-summary
~/UI/CMDS/Admin/Reports/UserFees.aspx,ui/cmds/admin/reports/user-fees
~/UI/CMDS/Admin/Reports/UserTrainingDetails.aspx,ui/cmds/admin/reports/user-training-details
~/UI/CMDS/Admin/Reports/UserTrainingExpiryReminders.aspx,ui/cmds/admin/reports/user-training-expiry-reminders
~/UI/CMDS/Admin/Reports/WorkerTrainingSummary.aspx,ui/cmds/admin/reports/worker-training-summary
~/UI/CMDS/Admin/Standards/Competencies/Create.aspx,ui/cmds/admin/standards/competencies/create
~/UI/CMDS/Admin/Standards/Competencies/Edit.aspx,ui/cmds/admin/standards/competencies/edit
~/UI/CMDS/Admin/Standards/Competencies/Search.aspx,ui/cmds/admin/standards/competencies/search
~/UI/CMDS/Admin/Standards/Profiles/Assign.aspx,ui/cmds/admin/standards/profiles/assign
~/UI/CMDS/Admin/Standards/Profiles/Compare.aspx,ui/cmds/admin/standards/profiles/compare
~/UI/CMDS/Admin/Standards/Profiles/Create.aspx,ui/cmds/admin/standards/profiles/create
~/UI/CMDS/Admin/Standards/Profiles/Edit.aspx,ui/cmds/admin/standards/profiles/edit
~/UI/CMDS/Admin/Standards/Profiles/EditCertificate.aspx,ui/cmds/admin/standards/profiles/edit-certificate
~/UI/CMDS/Admin/Standards/Profiles/Outline.aspx,ui/cmds/admin/standards/profiles/outline
~/UI/CMDS/Admin/Standards/Profiles/Search.aspx,ui/cmds/admin/standards/profiles/search
~/UI/CMDS/Admin/Uploads/Create.aspx,ui/cmds/admin/uploads/create
~/UI/CMDS/Admin/Uploads/Edit.aspx,ui/cmds/admin/uploads/edit
~/UI/CMDS/Admin/Uploads/Outline.aspx,ui/cmds/admin/uploads/outline
~/UI/CMDS/Admin/Uploads/Search.aspx,ui/cmds/admin/uploads/search
~/UI/CMDS/Admin/Uploads/Upload.aspx,ui/cmds/admin/uploads/upload
~/UI/CMDS/Admin/Users/Create.aspx,ui/cmds/admin/users/create
~/UI/CMDS/Admin/Users/Edit.aspx,ui/cmds/admin/users/edit
~/UI/CMDS/Admin/Users/Search.aspx,ui/cmds/admin/users/search
~/UI/CMDS/Admin/Users/Send.aspx,ui/cmds/admin/users/send
~/UI/CMDS/Admin/Validations/Changes/Create.aspx,ui/cmds/admin/validations/changes/create
~/UI/CMDS/Admin/Validations/Changes/Edit.aspx,ui/cmds/admin/validations/changes/edit
~/UI/CMDS/Admin/Validations/Changes/Search.aspx,ui/cmds/admin/validations/changes/search
~/UI/CMDS/Admin/Validations/CollegeCertificates/Create.aspx,ui/cmds/admin/validations/college-certificates/create
~/UI/CMDS/Admin/Validations/CollegeCertificates/Edit.aspx,ui/cmds/admin/validations/college-certificates/edit
~/UI/CMDS/Admin/Validations/CollegeCertificates/Search.aspx,ui/cmds/admin/validations/college-certificates/search
~/UI/CMDS/Admin/Validations/Competencies/Edit.aspx,ui/cmds/admin/validations/competencies/edit
~/UI/CMDS/Admin/Validations/Competencies/Expire.aspx,ui/cmds/admin/validations/competencies/expire
~/UI/CMDS/Admin/Validations/Competencies/Search.aspx,ui/cmds/admin/validations/competencies/search
~/UI/CMDS/Admin/Validations/Competencies/Validate.aspx,ui/cmds/admin/validations/competencies/validate
~/UI/CMDS/Admin/Validations/Create.aspx,ui/cmds/admin/validations/create
~/UI/CMDS/Admin/Validations/Edit.aspx,ui/cmds/admin/validations/edit
~/UI/CMDS/Admin/Validations/Search.aspx,ui/cmds/admin/validations/search
~/UI/CMDS/Design/Uploads/Edit.aspx,ui/cmds/design/uploads/edit
~/UI/CMDS/Design/Uploads/Search.aspx,ui/cmds/design/uploads/search
~/UI/CMDS/Design/Validations/Competencies/Search.aspx,ui/cmds/design/validations/competencies/search
~/UI/CMDS/Design/Validations/Competencies/Start.aspx,ui/cmds/design/validations/competencies/start
~/UI/CMDS/Portal/Achievements/Credentials/Create.aspx,ui/cmds/portal/achievements/credentials/create
~/UI/CMDS/Portal/Achievements/Credentials/Edit.aspx,ui/cmds/portal/achievements/credentials/edit
~/UI/CMDS/Portal/Achievements/Credentials/Search.aspx,ui/cmds/portal/achievements/credentials/search
~/UI/CMDS/Portal/Achievements/Experiences/Edit.aspx,ui/cmds/portal/achievements/experiences/edit
~/UI/CMDS/Portal/Events/Register.aspx,ui/cmds/portal/events/register
~/UI/CMDS/Portal/Uploads/Search.aspx,ui/cmds/portal/uploads/search
~/UI/CMDS/Portal/Validations/CollegeCertificates/Search.aspx,ui/cmds/portal/validations/college-certificates/search
~/UI/CMDS/Portal/Validations/Competencies/Edit.aspx,ui/cmds/portal/validations/competencies/edit
~/UI/CMDS/Portal/Validations/Competencies/Search.aspx,ui/cmds/portal/validations/competencies/search
~/UI/CMDS/Portal/Validations/Competencies/Start.aspx,ui/cmds/portal/validations/competencies/start
~/UI/CMDS/Portal/Validations/Competencies/Submit.aspx,ui/cmds/portal/validations/competencies/submit
~/UI/CMDS/Portal/Validations/Competencies/Validate.aspx,ui/cmds/portal/validations/competencies/validate
~/UI/CMDS/Portal/Validations/Profiles/Search.aspx,ui/cmds/portal/validations/profiles/search
~/UI/Guidelines.aspx,ui/guidelines
~/UI/Home.aspx,ui/home
~/UI/Lobby/Certificate.aspx,ui/lobby/certificate
~/UI/Lobby/Events/Login.aspx,ui/lobby/events/login
~/UI/Lobby/Integrations/Prometric/End.aspx,ui/lobby/integrations/prometric/end
~/UI/Lobby/Integrations/Prometric/Start.aspx,ui/lobby/integrations/prometric/start
~/UI/Lobby/Register.aspx,ui/lobby/register
~/UI/Lobby/RequestAccess.aspx,ui/lobby/request-access
~/UI/Lobby/ResetPassword.aspx,ui/lobby/reset-password
~/UI/Lobby/SignIn.aspx,ui/lobby/signin
~/UI/Lobby/SignInPages/SignInChallenge.aspx,ui/lobby/signin-challenge
~/UI/Lobby/SignInPages/SignInFailed.aspx,ui/lobby/signin-failure
~/UI/Lobby/SignInPages/SignInMFA.aspx,ui/lobby/signin-mfa
~/UI/Lobby/SignInPages/SignInSocial.aspx,ui/lobby/signin-social
~/UI/Lobby/SignInPages/SignInSucess.aspx,ui/lobby/signin-success
~/UI/Lobby/SignOut.aspx,ui/lobby/signout
~/UI/Lobby/SignOutCompleted.aspx,ui/lobby/signout-completed
~/UI/Lobby/Subscribe.aspx,ui/lobby/subscribe
~/UI/Lobby/ValidateBadge.aspx,ui/lobby/validate-open-badge
~/UI/Lobby/VerifyEmail.aspx,ui/lobby/verify-email
~/UI/Lobby/ViewLicense.aspx,ui/lobby/eula
~/UI/Portal/Assessments/Attempts/Answer.aspx,ui/portal/assessments/attempts/answer
~/UI/Portal/Assessments/Attempts/Result.aspx,ui/portal/assessments/attempts/result
~/UI/Portal/Assessments/Attempts/Search.aspx,ui/portal/assessments/attempts/search
~/UI/Portal/Assessments/Attempts/Start.aspx,ui/portal/assessments/attempts/start
~/UI/Portal/Assessments/QuizAttempts/Start.aspx,ui/portal/assessments/quiz-attempts/start
~/UI/Portal/Billing/Cart.aspx,ui/portal/billing/cart
~/UI/Portal/Billing/Catalog.aspx,ui/portal/billing/catalog
~/UI/Portal/Billing/Checkout.aspx,ui/portal/billing/checkout
~/UI/Portal/Billing/Invoice.aspx,ui/portal/billing/invoice
~/UI/Portal/Billing/Invoices.aspx,ui/portal/billing/invoices
~/UI/Portal/Contacts/People/Create.aspx,ui/portal/contacts/people/create
~/UI/Portal/Contacts/People/Outline.aspx,ui/portal/contacts/people/outline
~/UI/Portal/Contacts/People/Search.aspx,ui/portal/contacts/people/search
~/UI/Portal/Contacts/Referral/Create.aspx,ui/portal/contacts/referral/create
~/UI/Portal/Contacts/Referral/Outline.aspx,ui/portal/contacts/referral/outline
~/UI/Portal/Contacts/Referral/Search.aspx,ui/portal/contacts/referral/search
~/UI/Portal/Error.aspx,ui/portal/error
~/UI/Portal/Events/Appointments/Outline.aspx,ui/portal/events/appointments/outline
~/UI/Portal/Events/Appointments/Search.aspx,ui/portal/events/appointments/search
~/UI/Portal/Events/Calendar.aspx,ui/portal/events/calendar
~/UI/Portal/Events/Classes/AddToWaitingList.aspx,ui/portal/events/classes/add-to-waiting-list
~/UI/Portal/Events/Classes/Outline.aspx,ui/portal/events/classes/outline
~/UI/Portal/Events/Classes/Register.aspx,ui/portal/events/classes/register
~/UI/Portal/Events/Classes/RegisterEmployee.aspx,ui/portal/events/classes/register-employee
~/UI/Portal/Events/Classes/RegisterMultiple.aspx,ui/portal/events/classes/register-multiple
~/UI/Portal/Events/Classes/RegisterMultipleSuccess.aspx,ui/portal/events/classes/register-multiple-success
~/UI/Portal/Events/Classes/RegisterSuccess.aspx,ui/portal/events/classes/register-success
~/UI/Portal/Events/Classes/Registrations/Search.aspx,ui/portal/events/classes/registrations/search
~/UI/Portal/Events/Classes/Search.aspx,ui/portal/events/classes/search
~/UI/Portal/Events/Exams/Outline.aspx,ui/portal/events/exams/search
~/UI/Portal/Events/Exams/Search.aspx,ui/portal/exams/events/outline
~/UI/Portal/Home/Achievements.aspx,ui/portal/home/achievements
~/UI/Portal/Home/Assessments.aspx,ui/portal/home/assessments
~/UI/Portal/Home/Catalogs.aspx,ui/portal/home/catalogs
~/UI/Portal/Home/Chats.aspx,ui/portal/home/chats
~/UI/Portal/Home/Competencies.aspx,ui/portal/home/competencies
~/UI/Portal/Home/Contacts.aspx,ui/portal/home/contacts
~/UI/Portal/Home/Courses.aspx,ui/portal/home/courses
~/UI/Portal/Home/Events.aspx,ui/portal/home/events
~/UI/Portal/Home/Forms.aspx,ui/portal/home/forms
~/UI/Portal/Home/Grades.aspx,ui/portal/home/grades
~/UI/Portal/Home/History.aspx,ui/portal/home/history
~/UI/Portal/Home/Home.aspx,ui/portal/home
~/UI/Portal/Home/Learning/Badges.aspx,ui/portal/learning/dashboard/badges
~/UI/Portal/Home/Learning/Catalog.aspx,ui/portal/learning/dashboard/catalog
~/UI/Portal/Home/Learning/Home.aspx,ui/portal/learning/dashboard/home
~/UI/Portal/Home/LearningPlan.aspx,ui/portal/home/learning-plan
~/UI/Portal/Home/Logbooks.aspx,ui/portal/home/logbooks
~/UI/Portal/Home/Management/Catalog.aspx,ui/portal/management/dashboard/catalog
~/UI/Portal/Home/Management/Home.aspx,ui/portal/management/dashboard/home
~/UI/Portal/Home/Management/Reports.aspx,ui/portal/management/dashboard/reports
~/UI/Portal/Home/Messages.aspx,ui/portal/home/messages
~/UI/Portal/Home/Programs.aspx,ui/portal/home/programs
~/UI/Portal/Home/Reports.aspx,ui/portal/home/reports
~/UI/Portal/Home/Search.aspx,ui/portal/home/search
~/UI/Portal/Home/Settings.aspx,ui/portal/home/settings
~/UI/Portal/Home/Statistics.aspx,ui/portal/home/statistics
~/UI/Portal/Identity/Authenticate.aspx,ui/portal/identity/authenticate
~/UI/Portal/Identity/Backgrounds.aspx,ui/portal/identity/backgrounds
~/UI/Portal/Identity/License.aspx,ui/portal/identity/license
~/UI/Portal/Identity/Password.aspx,ui/portal/identity/password
~/UI/Portal/Identity/Users.aspx,ui/portal/identity/users
~/UI/Portal/Integrations/Lti/Consumer.aspx,ui/portal/integrations/lti/consumer
~/UI/Portal/Integrations/Scorm/Consumer.aspx,ui/portal/integrations/scorm/consumer
~/UI/Portal/Integrations/Scorm/Launch.aspx,ui/portal/integrations/scorm/launch
~/UI/Portal/Learning/Catalog.aspx,ui/portal/learning/catalog
~/UI/Portal/Learning/Course.aspx,ui/portal/learning/course
~/UI/Portal/Learning/Organizations/Orientations.aspx,ui/portal/learning/organizations-orientations
~/UI/Portal/Learning/Plan.aspx,ui/portal/learning/plan
~/UI/Portal/Learning/Program.aspx,ui/portal/learning/program
~/UI/Portal/Learning/Programs/Catalog.aspx,ui/portal/learning/programs/catalog
~/UI/Portal/Learning/Programs/Plan.aspx,ui/portal/learning/programs/plan
~/UI/Portal/Learning/Progress.aspx,ui/portal/learning/progress
~/UI/Portal/Learning/Task.aspx,ui/portal/learning/task
~/UI/Portal/Platform/Environments.aspx,ui/portal/platform/environments
~/UI/Portal/Plugin/NCSHA/Report.aspx,ui/portal/plugin/ncsha/report
~/UI/Portal/Plugin/NCSHA/Reports.aspx,ui/portal/plugin/ncsha/reports
~/UI/Portal/Plugin/NCSHA/Statistics.aspx,ui/portal/plugin/ncsha/statistics
~/UI/Portal/Profile.aspx,ui/portal/profile
~/UI/Portal/Records/Credentials/Certificate.aspx,ui/portal/records/credentials/certificate
~/UI/Portal/Records/Credentials/Instructors/Search.aspx,ui/portal/records/credentials/instructors/search
~/UI/Portal/Records/Credentials/Learners/Delete.aspx,ui/portal/record/credentials/learners/delete
~/UI/Portal/Records/Credentials/Learners/Search.aspx,ui/portal/record/credentials/learners/search
~/UI/Portal/Records/Credentials/PublishOnBlockchain.aspx,ui/portal/records/credentials/publish
~/UI/Portal/Records/Logbooks/ChangeComment.aspx,ui/portal/records/logbooks/change-comment
~/UI/Portal/Records/Logbooks/ChangeEntry.aspx,ui/portal/records/logbooks/change-entry
~/UI/Portal/Records/Logbooks/CreateComment.aspx,ui/portal/records/logbooks/create-comment
~/UI/Portal/Records/Logbooks/DeleteComment.aspx,ui/portal/records/logbooks/delete-comment
~/UI/Portal/Records/Logbooks/DeleteEntry.aspx,ui/portal/records/logbooks/delete-entry
~/UI/Portal/Records/Logbooks/Learners/AddEntry.aspx,ui/portal/records/logbooks/learners/add-experience
~/UI/Portal/Records/Logbooks/Outline.aspx,ui/portal/records/logbooks/outline
~/UI/Portal/Records/Logbooks/OutlineEntry.aspx,ui/portal/records/logbooks/outline-entry
~/UI/Portal/Records/Logbooks/Search.aspx,ui/portal/records/logbooks/search
~/UI/Portal/Security/Impersonation/Start.aspx,ui/portal/security/impersonation/start
~/UI/Portal/Security/Impersonation/Stop.aspx,ui/portal/security/impersonation/stop
~/UI/Portal/Security/Organizations.aspx,ui/portal/security/organizations
~/UI/Portal/Standards/Documents/Analysis.aspx,ui/portal/standards/documents/analysis
~/UI/Portal/Standards/Documents/Content.aspx,ui/portal/standards/documents/content
~/UI/Portal/Standards/Documents/Create.aspx,ui/portal/standards/documents/create
~/UI/Portal/Standards/Documents/Download.aspx,ui/portal/standards/documents/download
~/UI/Portal/Standards/Documents/Outline.aspx,ui/portal/standards/documents/outline
~/UI/Portal/Standards/Documents/Search.aspx,ui/portal/standards/documents/search
~/UI/Portal/Standards/Outline.aspx,ui/portal/standards/outline
~/UI/Portal/Standards/Search.aspx,ui/portal/standards/search
~/UI/Portal/Support.aspx,ui/portal/support
~/UI/Portal/Workflow/Cases/Outline.aspx,ui/portal/workflow/cases/outline
~/UI/Portal/Workflow/Cases/Search.aspx,ui/portal/workflow/cases/search
~/UI/Portal/Workflow/Forms/Search.aspx,ui/portal/workflow/forms/submit/search
~/UI/Portal/Workflow/Forms/Submit.aspx,ui/portal/workflow/forms/submit/answer
~/UI/Portal/Workflow/Forms/Submit.aspx,ui/portal/workflow/forms/submit/complete
~/UI/Portal/Workflow/Forms/Submit.aspx,ui/portal/workflow/forms/submit/confirm
~/UI/Portal/Workflow/Forms/Submit.aspx,ui/portal/workflow/forms/submit/delete
~/UI/Portal/Workflow/Forms/Submit.aspx,ui/portal/workflow/forms/submit/goto
~/UI/Portal/Workflow/Forms/Submit.aspx,ui/portal/workflow/forms/submit/launch
~/UI/Portal/Workflow/Forms/Submit.aspx,ui/portal/workflow/forms/submit/resume
~/UI/Portal/Workflow/Forms/Submit.aspx,ui/portal/workflow/forms/submit/review
~/UI/Portal/Workflow/Forms/Submit.aspx,ui/portal/workflow/forms/submit/review-print
~/UI/Portal/Workflow/Forms/Submit.aspx,ui/portal/workflow/forms/submit/start
